<?xml version="1.0" encoding="UTF-8"?>

<mule xmlns:ee="http://www.mulesoft.org/schema/mule/ee/core" xmlns:validation="http://www.mulesoft.org/schema/mule/validation"
	xmlns:http="http://www.mulesoft.org/schema/mule/http"
	xmlns="http://www.mulesoft.org/schema/mule/core" xmlns:doc="http://www.mulesoft.org/schema/mule/documentation" xmlns:xsi="http://www.w3.org/2001/XMLSchema-instance" xsi:schemaLocation="http://www.mulesoft.org/schema/mule/core http://www.mulesoft.org/schema/mule/core/current/mule.xsd
http://www.mulesoft.org/schema/mule/http http://www.mulesoft.org/schema/mule/http/current/mule-http.xsd
http://www.mulesoft.org/schema/mule/validation http://www.mulesoft.org/schema/mule/validation/current/mule-validation.xsd
http://www.mulesoft.org/schema/mule/ee/core http://www.mulesoft.org/schema/mule/ee/core/current/mule-ee.xsd">

	<flow name="MainFlow" doc:id="e0d9a852-215d-4345-b7a5-25612bdc8ebc" >
		<http:listener doc:name="Listener" doc:id="0d9c5b91-da39-4bfb-98b1-2598a7313434" config-ref="HTTP_Listener_config" path="/error-flow"/>
		<flow-ref doc:name="Flow Reference" doc:id="8a85f91b-69b0-42a6-a4aa-e09b86e31b04" name="private"/>
		<set-payload value="'success - main flow'" doc:name="Set Payload" doc:id="c1167187-4ef7-4895-8fb9-948ca212ea72" />
		<error-handler >
			<on-error-continue enableNotifications="true" logException="true" doc:name="On Error Continue" doc:id="3779b088-0279-4f41-8d74-53fec2064b17" >
				<set-payload value='"Error - Main flow"' doc:name="Set Payload" doc:id="61d0dad4-4158-4340-a05e-9e4a17941959" />
			</on-error-continue>
		</error-handler>
	</flow>
	<flow name="private" doc:id="3876884a-a377-4179-ac54-ad24a0e92e44" >
		<validation:is-number numberType="INTEGER" doc:name="Is number" doc:id="c7407ce8-f103-480c-aba6-33d862de76b4" value="#[payload]"/>
		<error-handler >
			<on-error-continue enableNotifications="true" logException="true" doc:name="On Error Continue" doc:id="8988b08d-ff2d-4765-a7fc-fef9421175c3" type="ANY">
				<set-payload value='"Error - Private flow"' doc:name="Set Payload" doc:id="0f91bfb9-8d8c-478e-8702-2d040437e1db" />
			</on-error-continue>
		</error-handler>
	</flow>
	<flow name="OnErrorPropagateFlow" doc:id="ee6cc91c-f334-4ffb-93a8-be0e89fab942" >
		<http:listener doc:name="Listener" doc:id="19f96aac-89ca-48cb-9dae-3d983673c489" config-ref="HTTP_Listener_config" path="/errorPropogate">
			<http:error-response statusCode="#[vars.varHttpCode]">
				<http:body ><![CDATA[#[payload]]]></http:body>
			</http:error-response>
		</http:listener>
		<set-payload value='"Sample Text"' doc:name="Set Payload" doc:id="138ae94b-a041-4580-a64b-5dd7b71b0142" />
		<validation:is-number doc:name="Is number" doc:id="eee756ba-f1c9-4774-b69c-041128b84e6a" value="#[payload]" numberType="INTEGER"/>
		<logger level="INFO" doc:name="Logger" doc:id="ea5139ef-179f-4b7b-b13a-d13c366536bc" message="#[payload]"/>
		<error-handler>
			<on-error-propagate enableNotifications="true" logException="true" doc:name="On Error Propagate" doc:id="9b6ca0a6-4687-4ab3-b4ec-f05ac27bf9a7" type="ANY">
				<ee:transform doc:name="Transform Message" doc:id="f109c520-e61a-4889-8c09-93d89a349c6d" >
					<ee:message >
						<ee:set-payload ><![CDATA[%dw 2.0
output application/json
---
{
	"Message": "Exception occured in the OnErrorpropogate flow.." ++ error.description as String
}]]></ee:set-payload>
					</ee:message>
				</ee:transform>
				<set-variable value="400" doc:name="Set Variable" doc:id="8b7c6756-5300-4c94-9258-6c8faab6e6a4" variableName="varHttpCode"/>
			</on-error-propagate>
		</error-handler>
	</flow>
	<flow name="onErrorContinueFlow" doc:id="044fdaf7-2a1e-4090-92f8-06a163d153c7" >
		<http:listener doc:name="Listener" doc:id="9e235874-6dfb-4b56-85be-891f9ad4a6e9" config-ref="HTTP_Listener_config" path="/errorContinue"/>
		<set-payload value="Sample text" doc:name="Set Payload" doc:id="fd8c07e6-82f8-4283-bb4d-c97a8555d2c1" />
		<validation:is-number numberType="INTEGER" doc:name="Is number" doc:id="503d95bf-5ea9-47c1-af3a-4c408d50e4c0" value="#[payload]"/>
		<logger level="INFO" doc:name="Logger" doc:id="4d1bf79c-ec64-4716-934e-5223f1026b29" message="'Continue process execution'"/>
		<error-handler >
			<on-error-continue enableNotifications="true" logException="true" doc:name="On Error Continue" doc:id="0d78956a-19a1-4f51-967b-cee3ce716f60" >
				<ee:transform doc:name="Transform Message" doc:id="ebcbc2d9-8f9f-4f33-8ab0-3c8a5bf5e033" >
					<ee:message >
						<ee:set-payload ><![CDATA[%dw 2.0
output application/json
---
{
	"Message": "Exception occured in the On continue flow.." ++ error.description as String
}]]></ee:set-payload>
					</ee:message>
				</ee:transform>
				<set-variable value="400" doc:name="Set Variable" doc:id="27d46cd9-9122-46a9-bc11-2144c981c196" variableName="varHttpCode"/>
			</on-error-continue>
		</error-handler>
	</flow>
</mule>
