<?xml version="1.0" encoding="UTF-8"?>

<mule xmlns:ee="http://www.mulesoft.org/schema/mule/ee/core"
	xmlns:validation="http://www.mulesoft.org/schema/mule/validation"
	xmlns:http="http://www.mulesoft.org/schema/mule/http" xmlns="http://www.mulesoft.org/schema/mule/core"
	xmlns:doc="http://www.mulesoft.org/schema/mule/documentation"
	xmlns:xsi="http://www.w3.org/2001/XMLSchema-instance" xsi:schemaLocation="
http://www.mulesoft.org/schema/mule/validation http://www.mulesoft.org/schema/mule/validation/current/mule-validation.xsd 
http://www.mulesoft.org/schema/mule/http http://www.mulesoft.org/schema/mule/http/current/mule-http.xsd http://www.mulesoft.org/schema/mule/core http://www.mulesoft.org/schema/mule/core/current/mule.xsd
http://www.mulesoft.org/schema/mule/ee/core http://www.mulesoft.org/schema/mule/ee/core/current/mule-ee.xsd">
		<http:listener-config name="HTTP_Listener_config" doc:name="HTTP Listener config" doc:id="176d385b-2a15-4101-86d4-fe8119f62c36" >
		<http:listener-connection host="0.0.0.0" port="9010" />
	</http:listener-config>
	<validation:config name="Validation_Config" doc:name="Validation Config" doc:id="9a2b9c6d-e2de-42df-8d72-3e678f9b1fb6" />
	<configuration doc:name="Configuration" doc:id="e46725a7-290c-4029-be3d-180cd623d615" defaultErrorHandler-ref="GlobalError_Handler" />
	<error-handler name="GlobalError_Handler" doc:id="8e0ed92b-26f5-4483-a333-8deb0603b882" >
		<on-error-propagate enableNotifications="true" logException="true" doc:name="On Error Propagate" doc:id="ed7335c0-fa03-48d8-a349-1d355997c70d" >
			<ee:transform doc:name="Transform Message" doc:id="ce5ad450-d157-4d28-ba8e-b8c0597feac9" >
				<ee:message >
					<ee:set-payload ><![CDATA[%dw 2.0
output application/json
---
{
	"Error Type": error.errorType.identifier,
	"Error Message": error.description
}]]></ee:set-payload>
				</ee:message>
			</ee:transform>
		</on-error-propagate>
	</error-handler>
	
</mule>
