<?xml version='1.0' encoding='UTF-8'?>
<types:mule xmlns:types="http://www.mulesoft.org/schema/mule/types">
  <types:catalog>
    <types:type name="api-response" format="json">
      <types:shape format="weave" example="examples/api-users-response.json"><![CDATA[%dw 2.0

type api_response = Array<{|  id: Number {"typeId": "int"},   email: String,   first_name: String,   last_name: String,   avatar: String|}> {"example": "[{\\\"id\\\":1,\\\"email\\\":\\\"george.bluth@reqres.in\\\",\\\"first_name\\\":\\\"George\\\",\\\"last_name\\\":\\\"Bluth\\\",\\\"avatar\\\":\\\"https:\\/\\/s3.amazonaws.com\\/uifaces\\/faces\\/twitter\\/calebogden\\/128.jpg\\\"},{\\\"id\\\":2,\\\"email\\\":\\\"janet.weaver@reqres.in\\\",\\\"first_name\\\":\\\"Janet\\\",\\\"last_name\\\":\\\"Weaver\\\",\\\"avatar\\\":\\\"https:\\/\\/s3.amazonaws.com\\/uifaces\\/faces\\/twitter\\/josephstein\\/128.jpg\\\"},{\\\"id\\\":3,\\\"email\\\":\\\"emma.wong@reqres.in\\\",\\\"first_name\\\":\\\"Emma\\\",\\\"last_name\\\":\\\"Wong\\\",\\\"avatar\\\":\\\"https:\\/\\/s3.amazonaws.com\\/uifaces\\/faces\\/twitter\\/olegpogodaev\\/128.jpg\\\"},{\\\"id\\\":4,\\\"email\\\":\\\"eve.holt@reqres.in\\\",\\\"first_name\\\":\\\"Eve\\\",\\\"last_name\\\":\\\"Holt\\\",\\\"avatar\\\":\\\"https:\\/\\/s3.amazonaws.com\\/uifaces\\/faces\\/twitter\\/marcoramires\\/128.jpg\\\"},{\\\"id\\\":5,\\\"email\\\":\\\"charles.morris@reqres.in\\\",\\\"first_name\\\":\\\"Charles\\\",\\\"last_name\\\":\\\"Morris\\\",\\\"avatar\\\":\\\"https:\\/\\/s3.amazonaws.com\\/uifaces\\/faces\\/twitter\\/stephenmoon\\/128.jpg\\\"},{\\\"id\\\":6,\\\"email\\\":\\\"tracey.ramos@reqres.in\\\",\\\"first_name\\\":\\\"Tracey\\\",\\\"last_name\\\":\\\"Ramos\\\",\\\"avatar\\\":\\\"https:\\/\\/s3.amazonaws.com\\/uifaces\\/faces\\/twitter\\/bigmancho\\/128.jpg\\\"}]"}

]]></types:shape>
    </types:type>
    <types:type name="customer" format="json">
      <types:shape format="weave" example="examples/Dataweave-example.json"><![CDATA[%dw 2.0

type customer = {|
  customers: {|
    customer: Array<{|      ID: Number {"typeId": "int"},       Name: String,       Address: String,       City: String,       State: String,       Zipcode: Number {"typeId": "int"},       Salary: Number {"typeId": "int"}    |}>
  |}
|} {"example": "{\\\"customers\\\":{\\\"customer\\\":[{\\\"ID\\\":1001,\\\"Name\\\":\\\"Raam\\\",\\\"Address\\\":\\\"123 Main st\\\",\\\"City\\\":\\\"Plano\\\",\\\"State\\\":\\\"TX\\\",\\\"Zipcode\\\":75024,\\\"Salary\\\":12000},{\\\"ID\\\":2001,\\\"Name\\\":\\\"David\\\",\\\"Address\\\":\\\"1422 Legacy Dr\\\",\\\"City\\\":\\\"Plano\\\",\\\"State\\\":\\\"TX\\\",\\\"Zipcode\\\":75024,\\\"Salary\\\":15000},{\\\"ID\\\":2501,\\\"Name\\\":\\\"Louis\\\",\\\"Address\\\":\\\"232 W Parker st\\\",\\\"City\\\":\\\"Plano\\\",\\\"State\\\":\\\"TX\\\",\\\"Zipcode\\\":75024,\\\"Salary\\\":11000},{\\\"ID\\\":2001,\\\"Name\\\":\\\"David\\\",\\\"Address\\\":\\\"1422 Legacy Dr\\\",\\\"City\\\":\\\"Plano\\\",\\\"State\\\":\\\"TX\\\",\\\"Zipcode\\\":75024,\\\"Salary\\\":15000},{\\\"ID\\\":8712,\\\"Name\\\":\\\"Tom\\\",\\\"Address\\\":\\\"1234 Orange Pl\\\",\\\"City\\\":\\\"Frisco\\\",\\\"State\\\":\\\"TX\\\",\\\"Zipcode\\\":75034,\\\"Salary\\\":20000}]}}"}

]]></types:shape>
    </types:type>
    <types:type name="cust-res" format="json">
      <types:shape format="weave" example="examples/dataweave-res-example.json"><![CDATA[%dw 2.0

type cust_res = {|
  APIResponseData: Array<{|    cust_ID: Number {"typeId": "int"},     cust_Name: String,     cust_Address: String,     cust_City: String,     cust_State: String,     cust_Zipcode: Number {"typeId": "int"},     cust_Salary: Number {"typeId": "int"}  |}>
|} {"example": "{\\\"APIResponseData\\\":[{\\\"cust_ID\\\":1001,\\\"cust_Name\\\":\\\"Raam\\\",\\\"cust_Address\\\":\\\"123 Main st\\\",\\\"cust_City\\\":\\\"Plano\\\",\\\"cust_State\\\":\\\"TX\\\",\\\"cust_Zipcode\\\":75024,\\\"cust_Salary\\\":12000}]}"}

]]></types:shape>
    </types:type>
  </types:catalog>
  <types:enrichment select="#4c31e57a-90ff-487f-bcad-9d6326ff59d8">
    <types:processor-declaration>
      <types:output-event>
        <types:message>
          <types:payload type="api-response"/>
        </types:message>
      </types:output-event>
    </types:processor-declaration>
  </types:enrichment>
  <types:enrichment select="#a95be449-b59c-48da-91df-c00e2d325786">
    <types:processor-declaration>
      <types:output-event>
        <types:message>
          <types:payload type="customer"/>
        </types:message>
      </types:output-event>
    </types:processor-declaration>
  </types:enrichment>
  <types:enrichment select="#6b20bfbf-40c4-444e-911f-02c961c0ee08">
    <types:processor-declaration>
      <types:output-event>
        <types:message>
          <types:payload type="cust-res"/>
        </types:message>
      </types:output-event>
    </types:processor-declaration>
  </types:enrichment>
</types:mule>