<?xml version="1.0" encoding="UTF-8"?>

<mule xmlns:ee="http://www.mulesoft.org/schema/mule/ee/core" xmlns:os="http://www.mulesoft.org/schema/mule/os"
	xmlns:tls="http://www.mulesoft.org/schema/mule/tls"
	xmlns:http="http://www.mulesoft.org/schema/mule/http" xmlns="http://www.mulesoft.org/schema/mule/core" xmlns:doc="http://www.mulesoft.org/schema/mule/documentation" xmlns:xsi="http://www.w3.org/2001/XMLSchema-instance" xsi:schemaLocation="http://www.mulesoft.org/schema/mule/core http://www.mulesoft.org/schema/mule/core/current/mule.xsd
http://www.mulesoft.org/schema/mule/http http://www.mulesoft.org/schema/mule/http/current/mule-http.xsd
http://www.mulesoft.org/schema/mule/tls http://www.mulesoft.org/schema/mule/tls/current/mule-tls.xsd
http://www.mulesoft.org/schema/mule/os http://www.mulesoft.org/schema/mule/os/current/mule-os.xsd
http://www.mulesoft.org/schema/mule/ee/core http://www.mulesoft.org/schema/mule/ee/core/current/mule-ee.xsd">
	<http:listener-config name="HTTP_Listener_config" doc:name="HTTP Listener config" doc:id="a35194cb-42e5-43b2-bfe7-c77a3b346a32" >
		<http:listener-connection host="0.0.0.0" port="9060" />
	</http:listener-config>
	<http:request-config name="HTTP_Request_configuration" doc:name="HTTP Request configuration" doc:id="2bda1812-5da0-4d9a-bb25-f05dadc38e1c" >
		<http:request-connection host="anypoint.mulesoft.com" port="443" protocol="HTTPS">
			<http:proxy-config >
				<http:proxy host="tfsproxy.tfs.toyota.com" port="80" username="chanemr1" password="Jan@2020" />
			</http:proxy-config>
		</http:request-connection>
	</http:request-config>
	<os:object-store name="Object_store" doc:name="Object store" doc:id="9ba8392c-6c8e-4a04-84b7-dce4e5d36bc0" />
	<flow name="object-store-examplesFlow" doc:id="63faccb6-f82b-4d41-be0c-042f9acaf069" >
		<http:listener doc:name="Listener" doc:id="69e082d4-ed59-4c12-93d2-44c38af8e8fb" config-ref="HTTP_Listener_config" path="/update-store" allowedMethods="POST"/>
		<http:request method="POST" doc:name="Request" doc:id="1180c451-1687-4950-81d3-c0ff5a5abad7" config-ref="HTTP_Request_configuration" path="/accounts/login"/>
		<set-variable value="#[payload.access_token]" doc:name="Set Variable" doc:id="3333b71e-2de6-4814-ab49-73806b5354ce" variableName="token"/>
		<os:store doc:name="Store" doc:id="9a9c0840-5e3a-4f64-ae2c-8411f8c4ec29" key="token" objectStore="Object_store">
			<os:value ><![CDATA[#[vars.token]]]></os:value>
		</os:store>
	</flow>
	<flow name="object-store-examplesFlow1" doc:id="231bbc08-0917-4ffb-a0af-8069a198c36c" >
		<http:listener doc:name="Listener" doc:id="56ffaa27-d808-46cc-8e9e-37c676e02320" config-ref="HTTP_Listener_config" path="/retrieve-store"/>
		<os:retrieve doc:name="Retrieve" doc:id="82a726c8-b713-4d1d-9017-ff9d738e68f9" key="token" objectStore="Object_store" target="access_token"/>
		<logger level="INFO" doc:name="Logger" doc:id="c1a8389a-b3d2-4558-b8eb-a776fef90d83" message="'The access token retrieved from object store is ---' ++ ' ' ++ #[vars.access_token]"/>
		<http:request method="GET" doc:name="Request" doc:id="1f0b753b-8448-44de-940f-76aa65b5705e" config-ref="HTTP_Request_configuration" path="accounts/api/organizations/c7d759fd-6630-495c-85e2-61cda0920c5a/environments">
			<http:headers ><![CDATA[#[%dw 2.0
import dw::core::Strings
output application/json
---
"Authorization": "Bearer" ++ vars.access_token]]]></http:headers>
		</http:request>
		<error-handler >
			<on-error-propagate enableNotifications="true" logException="true" doc:name="On Error Propagate" doc:id="de9ea5eb-e4cb-48ca-9122-a157bd213fb9" type="ANY">
				<ee:transform doc:name="Transform Message" doc:id="ad70453c-fe8e-432d-a432-e1afc058ee3d" >
					<ee:message >
						<ee:set-payload ><![CDATA[%dw 2.0
output application/json
---
error.description]]></ee:set-payload>
					</ee:message>
				</ee:transform>
			</on-error-propagate>
		</error-handler>
	</flow>
</mule>
