<?xml version="1.0" encoding="UTF-8"?>

<mule xmlns:ee="http://www.mulesoft.org/schema/mule/ee/core" xmlns:http="http://www.mulesoft.org/schema/mule/http"
	xmlns="http://www.mulesoft.org/schema/mule/core"
	xmlns:doc="http://www.mulesoft.org/schema/mule/documentation" xmlns:xsi="http://www.w3.org/2001/XMLSchema-instance" xsi:schemaLocation="http://www.mulesoft.org/schema/mule/core http://www.mulesoft.org/schema/mule/core/current/mule.xsd
http://www.mulesoft.org/schema/mule/http http://www.mulesoft.org/schema/mule/http/current/mule-http.xsd
http://www.mulesoft.org/schema/mule/ee/core http://www.mulesoft.org/schema/mule/ee/core/current/mule-ee.xsd">
	<http:listener-config name="HTTP_Listener_config" doc:name="HTTP Listener config" doc:id="348ee4ec-1146-4de1-95b6-07dae7f5f4d8" >
		<http:listener-connection host="0.0.0.0" port="${http.port}" />
	</http:listener-config>
	<http:request-config name="HTTP_Request_configuration" doc:name="HTTP Request configuration" doc:id="ecf72865-f4f8-4904-a798-dd99d97d1d57" >
		<http:request-connection protocol="HTTPS" host="${http.host}" port="443" />
	</http:request-config>
	<configuration-properties doc:name="Configuration properties" doc:id="413f0e45-9ae4-48f1-be68-f49f8c89767d" file="config.yaml" />
	<flow name="dw-examplesFlow" doc:id="523e76ce-51e7-42d6-9041-42e2ee563279" >
		<http:listener doc:name="Listener" doc:id="53996449-2d55-47eb-897c-32cb176f8179" config-ref="HTTP_Listener_config" path="/'"/>
		<http:request method="GET" doc:name="Request" doc:id="4f719573-3021-4c3e-be29-8a0514302def" config-ref="HTTP_Request_configuration" path="/api/users"/>
		<ee:transform doc:name="Transform Message" doc:id="4c31e57a-90ff-487f-bcad-9d6326ff59d8" >
			<ee:message >
				<ee:set-payload ><![CDATA[%dw 2.0
output application/xml

// HEADER SECTION
// Variable declaration
var page = 10
import * from dw::core::Strings


---

// single line comment

/* 
 * multiline comments
 */
 


responseData:
	payload.data map(object , index) -> {
		id: object.id as Number,
		email: object.email as String,
		first_name: upper(object.first_name) as String,
		last_name: upper(object.last_name) as String,
		img: object.avatar as String,
		page: page as String	
	}
	]]></ee:set-payload>
			</ee:message>
			<ee:variables >
				<ee:set-variable variableName="dwResponse" ><![CDATA[%dw 2.0
output application/java
---
{
}]]></ee:set-variable>
			</ee:variables>
		</ee:transform>
	</flow>
</mule>
