<?xml version="1.0" encoding="UTF-8"?>

<mule xmlns:ee="http://www.mulesoft.org/schema/mule/ee/core" xmlns:http="http://www.mulesoft.org/schema/mule/http"
	xmlns="http://www.mulesoft.org/schema/mule/core"
	xmlns:doc="http://www.mulesoft.org/schema/mule/documentation" xmlns:xsi="http://www.w3.org/2001/XMLSchema-instance" xsi:schemaLocation="http://www.mulesoft.org/schema/mule/core http://www.mulesoft.org/schema/mule/core/current/mule.xsd
http://www.mulesoft.org/schema/mule/http http://www.mulesoft.org/schema/mule/http/current/mule-http.xsd
http://www.mulesoft.org/schema/mule/ee/core http://www.mulesoft.org/schema/mule/ee/core/current/mule-ee.xsd">
	<flow name="dw-example-2Flow" doc:id="b581c574-cee2-48e1-b1e7-840f0d14eaa0" >
		<http:listener doc:name="Listener" doc:id="a95be449-b59c-48da-91df-c00e2d325786" config-ref="HTTP_Listener_config" path="/dw2" allowedMethods="POST"/>
		<ee:transform doc:name="Transform Message" doc:id="6b20bfbf-40c4-444e-911f-02c961c0ee08" >
			<ee:message >
				<ee:set-payload ><![CDATA[%dw 2.0
output application/json
---
{
	APIResponseData: payload.customers.customer filter($.Salary >= 15000) distinctBy $ map (( customer , indexOfCustomer ) -> {
		cust_ID: customer.ID,
		cust_Name: customer.Name,
		cust_Address: customer.Address,
		cust_City: customer.City,
		cust_State: customer.State,
		cust_Zipcode: customer.Zipcode,
		cust_Salary: customer.Salary
	}) orderBy $.cust_Name
}]]></ee:set-payload>
			</ee:message>
		</ee:transform>
	</flow>
</mule>
