{
  "customers":
  {
	 "customer":
	 [
		{
		  "ID": 1001,
		  "Name": "Raam",
		  "Address": "123 Main st",
		  "City": "Plano",
		  "State": "TX",
		  "Zipcode": 75024,
		  "Salary": 12000
		},
		{
		  "ID": 2001,
		  "Name": "David",
		  "Address": "1422 Legacy Dr",
		  "City": "Plano",
		  "State": "TX",
		  "Zipcode": 75024,
		  "Salary": 15000
		},
		{
		  "ID": 2501,
		  "Name": "Louis",
		  "Address": "232 W Parker st",
		  "City": "Plano",
		  "State": "TX",
		  "Zipcode": 75024,
		  "Salary": 11000
		},
		{
		  "ID": 2001,
		  "Name": "David",
		  "Address": "1422 Legacy Dr",
		  "City": "Plano",
		  "State": "TX",
		  "Zipcode": 75024,
		  "Salary": 15000
		},
		{
		  "ID": 8712,
		  "Name": "Tom",
		  "Address": "1234 Orange Pl",
		  "City": "Frisco",
		  "State": "TX",
		  "Zipcode": 75034,
		  "Salary": 20000
		}
	]
}
}