<?xml version="1.0" encoding="UTF-8"?>

<mule xmlns:http="http://www.mulesoft.org/schema/mule/http" xmlns="http://www.mulesoft.org/schema/mule/core"
	xmlns:doc="http://www.mulesoft.org/schema/mule/documentation"
	xmlns:xsi="http://www.w3.org/2001/XMLSchema-instance" xsi:schemaLocation="http://www.mulesoft.org/schema/mule/core http://www.mulesoft.org/schema/mule/core/current/mule.xsd
http://www.mulesoft.org/schema/mule/http http://www.mulesoft.org/schema/mule/http/current/mule-http.xsd">
	<http:listener-config name="HTTP_Listener_config" doc:name="HTTP Listener config" doc:id="d6b2e3e6-11ce-4a72-a737-650ecb96ad9d" >
		<http:listener-connection host="0.0.0.0" port="9060" />
	</http:listener-config>
	<http:request-config name="HTTP_Request_configuration" doc:name="HTTP Request configuration" doc:id="c8a850a7-d54f-4551-a159-333945b15058" >
		<http:request-connection host="localhost" port="9060" />
	</http:request-config>
	<flow name="workingwitheventsFlow-1" doc:id="1db5552f-5a1e-43c0-8061-6f4532244046" >
		<http:listener doc:name="Listener" doc:id="85dbb7c8-eb6a-433a-91c1-cf4fb6ffa02c" config-ref="HTTP_Listener_config" path="/event1"/>
		<logger level="INFO" doc:name="Logger" doc:id="acc24a09-4625-476f-a395-9b7be5958651" message="'Example of Inline mode. The Query Parameter is : ' #[attributes.queryParams.lname]"/>
		<logger level="INFO" doc:name="Logger" doc:id="b5f4767b-8778-4ec2-b0e1-e97a3a021647" message="#[&quot;Example of expression mode..&quot; ++ &quot;Content-Type :&quot; ++ attributes.headers.'content-type']"/>
		<set-variable value="#[attributes.queryParams.fname]" doc:name="Set Variable" doc:id="7579daf8-9d33-458b-b584-54f12bd3a09f" variableName="fname"/>
		<set-payload value="event1" doc:name="Set Payload" doc:id="080b2747-e80e-496b-bfce-b14398dcd770" />
		<http:request method="GET" doc:name="Request" doc:id="35771d27-64e8-4420-a06c-29e8a24ed5c5" config-ref="HTTP_Request_configuration" path="/event2">
			<http:headers ><![CDATA[#[output application/java
---
{
	"Name" : vars.fname
}]]]></http:headers>
		</http:request>
		<logger level="INFO" doc:name="Logger" doc:id="71628ddc-80f7-4c40-a26d-c9fa8de1b468" message="#[attributes.headers.username]"/>
		<logger level="INFO" doc:name="Logger" doc:id="b6488c44-3950-426e-9d7d-5ed41ee6d3d6" message="The variable is #[vars.fname]"/>
	</flow>
	<flow name="workingwitheventsFlow-2" doc:id="df5c6fc3-5d4c-4e32-af56-24f73e14fe02" >
		<http:listener doc:name="Listener" doc:id="59b9397a-4b73-4056-9927-87f20acba2a7" config-ref="HTTP_Listener_config" path="/event2"/>
		<set-payload value="#[upper('event2')]" doc:name="Set Payload" doc:id="9c362077-2f37-4d2c-8f35-316b27b7b573" />
		<logger level="INFO" doc:name="Logger" doc:id="e19ff467-70ce-42a4-9a1c-f54b48ea2b1e" message="#[payload]"/>
	</flow>
</mule>
